dob,educational_attainment,email,first_name,joined_site,last_name,password,username
2004-06-26,Undergraduate Degree,martinezashley@nolan.com,Rachael,2019-08-01,Howard,u0wfPAci,RacHoward42
1988-08-30,Some High School,jaimeray@yahoo.com,Cassandra,2019-08-01,Calhoun,3YDIrHtn,CasCalhoun45
1982-01-05,Undergraduate Degree,samuelguzman@taylor-hill.com,Sonya,2019-08-01,King,tjDKZ634,SonKing79
1974-04-18,Bachelor's Degree,jessica13@yahoo.com,Jodi,2019-08-01,Wu,CRFeRsiH,JodWu94
1994-05-10,Undergraduate Degree,jesse00@yahoo.com,Amanda,2019-08-01,Marshall,WIJv0stj,AmaMarshall5
1998-08-06,High School Degree,valeriefranklin@hotmail.com,Carrie,2019-08-01,Smith,KAo2ElIa,CarSmith35
1971-05-17,Bachelor's Degree,ethan97@gmail.com,Mr.,2019-08-01,Christopher,3xFPkVtY,Mr.Christopher61
2002-10-15,Bachelor's Degree,lawrence82@weaver.org,Jeff,2019-08-01,Torres,fEf7t7lO,JefTorres100
1992-03-25,Doctoral Degree,michellebrooks@gmail.com,Jill,2019-08-01,Bell,DSyHidw1,JilBell31
2014-10-04,Bachelor's Degree,imiller@perry-skinner.com,Susan,2019-08-01,Clark,nDI7aVhT,SusClark31
2003-08-23,Bachelor's Degree,michael98@young.com,Anthony,2019-08-01,Little,1ZR9StWy,AntLittle14
1990-05-11,Undergraduate Degree,jessicawilliams@evans.com,Daniel,2019-08-01,Terrell,cl04whBC,DanTerrell54
2011-09-24,Undergraduate Degree,christina08@arnold.com,Brian,2019-08-01,Adams,rHuh0LXO,BriAdams79
1975-10-31,Bachelor's Degree,ashleywilson@hotmail.com,Dr.,2019-08-01,Tanya,y504hAUz,Dr.Tanya76
1991-06-02,Master's Degree,stephaniehowe@berg-burgess.net,Jason,2019-08-01,Murphy,tx81X3f5,JasMurphy93
2013-04-15,Some High School,donaldsaunders@howell.com,Natalie,2019-08-01,Fuentes,mH1wLWrz,NatFuentes58
1980-12-05,Master's Degree,maryparker@gonzalez.com,Michael,2019-08-01,Henry,pVzQgdVD,MicHenry28
1982-08-17,Doctoral Degree,pamela48@martinez-conner.biz,Olivia,2019-08-01,Romero,tdAK81cd,OliRomero16
2002-09-24,Master's Degree,ghernandez@hotmail.com,Michael,2019-08-01,Roberts,PcmOODXG,MicRoberts7
1977-12-04,Undergraduate Degree,stokesamy@house.com,Mr.,2019-08-01,Blake,mpwuAqbw,Mr.Blake91
1981-11-24,High School Degree,samuelmendoza@hotmail.com,James,2019-08-01,Kim,w9T1EFLs,JamKim12
1993-07-20,Master's Degree,christopher06@yahoo.com,Mary,2019-08-01,Wells,tkDnpUK4,MarWells81
2014-11-09,Some High School,johnsonrobin@dominguez-holloway.com,Beverly,2019-08-01,Hernandez,kkzvG1Ku,BevHernandez71
1979-06-07,Master's Degree,mjones@barajas.com,Zachary,2019-08-01,Turner,tzj8gqB2,ZacTurner88
2001-09-07,High School Degree,owenalison@hotmail.com,Joshua,2019-08-01,Gordon,X8Eekz1P,JosGordon30
1993-07-11,Bachelor's Degree,jacksonsteven@yahoo.com,Kayla,2019-08-01,Nelson,eWvfAUmx,KayNelson18
1985-12-17,Master's Degree,bmarshall@hotmail.com,Christopher,2019-08-01,Lewis,xS14Anle,ChrLewis63
2018-03-10,Doctoral Degree,brownsherri@gmail.com,Bailey,2019-08-01,Stewart,sJkMKLRe,BaiStewart14
2005-12-13,Doctoral Degree,taylordaisy@smith.com,Logan,2019-08-01,Price,eB72vOCK,LogPrice67
1973-05-19,Some High School,dcooper@stephens.com,Micheal,2019-08-01,Meyer,Q6jqIyZa,MicMeyer48
1972-11-10,Undergraduate Degree,leahwhite@hotmail.com,Alexandria,2019-08-01,Tyler,TJAhj0LS,AleTyler97
1985-09-29,Some High School,antoniobutler@hotmail.com,Mary,2019-08-01,Smith,dqLqkAbp,MarSmith0
1981-08-27,Bachelor's Degree,richardmoore@hotmail.com,Penny,2019-08-01,Phillips,Ou3bKYe1,PenPhillips59
1975-11-03,Bachelor's Degree,tjohnson@hotmail.com,Joseph,2019-08-01,Conway,blTpSiBd,JosConway34
1989-03-03,Master's Degree,richardcallahan@yahoo.com,Nathaniel,2019-08-01,Anderson,srqGC9nK,NatAnderson82
1986-12-17,Undergraduate Degree,ecollins@yahoo.com,Michael,2019-08-01,Stone,D8oTJg5q,MicStone10
1982-09-12,Bachelor's Degree,xdavis@snyder.com,Ryan,2019-08-01,Higgins,f6tu3GC7,RyaHiggins83
2012-06-05,Bachelor's Degree,cannonsheila@yahoo.com,Donald,2019-08-01,Thomas,L51ScAA5,DonThomas47
2006-01-21,Master's Degree,joshua77@gmail.com,Justin,2019-08-01,Cooper,akbmBdsN,JusCooper99
2004-10-22,High School Degree,aphillips@elliott.com,Crystal,2019-08-01,Miller,Cznr3LRE,CryMiller86
1985-06-16,Undergraduate Degree,fperkins@collins.biz,Ryan,2019-08-01,Berry,leWY9PYA,RyaBerry77
2000-07-17,Bachelor's Degree,holmeskathryn@hotmail.com,Kelsey,2019-08-01,Rodriguez,gppHhHPD,KelRodriguez50
1976-05-25,Doctoral Degree,richard36@riley.com,Emma,2019-08-01,Henson,8BMAzAkM,EmmHenson66
2008-03-26,Doctoral Degree,jessicataylor@hotmail.com,Ann,2019-08-01,Parrish,kJLCbyph,AnnParrish47
1978-01-26,Doctoral Degree,heatherscott@ferguson-king.com,Jonathan,2019-08-01,Hernandez,sDZ7Ykdm,JonHernandez47
1987-01-03,Bachelor's Degree,amandaharris@franco.net,Lisa,2019-08-01,Short,RzforFwh,LisShort38
1987-07-29,High School Degree,gross@gmail.com,Stephanie,2019-08-01,Pena,0qM46pgA,StePena50
1987-02-12,Undergraduate Degree,jnguyen@gmail.com,Carolyn,2019-08-01,Cline,KDK1nP96,CarCline58
2001-12-15,Bachelor's Degree,paige36@yahoo.com,Brian,2019-08-01,Davidson,XvK0i8UZ,BriDavidson22
2002-11-04,High School Degree,joel75@saunders-gates.com,Timothy,2019-08-01,Torres,oinJHFeY,TimTorres72
1976-07-01,Doctoral Degree,ashley97@hotmail.com,Michael,2019-08-01,Gilmore,gnNOAzZd,MicGilmore91
1973-04-23,Master's Degree,brownbrian@patterson.com,Angela,2019-08-01,Harmon,vj8ODvvK,AngHarmon93
1996-01-12,Bachelor's Degree,bennettwesley@reed-ayala.com,Anthony,2019-08-01,Gonzales,A9XoVuIs,AntGonzales2
1974-10-29,Undergraduate Degree,downsmichael@hotmail.com,Richard,2019-08-01,White,wjhTdoE5,RicWhite56
1971-06-25,High School Degree,millsashley@simon-hughes.com,Jonathan,2019-08-01,White,GzHUJuaL,JonWhite14
1999-06-23,Undergraduate Degree,brownbrandon@gentry.org,Melvin,2019-08-01,Powell,k47l7N9z,MelPowell30
1988-06-19,Bachelor's Degree,meghanroberts@gmail.com,Scott,2019-08-01,Soto,0iepnG2S,ScoSoto65
1977-09-02,Undergraduate Degree,nicole19@nunez-barnes.com,Austin,2019-08-01,White,fg3R6vzW,AusWhite56
2010-10-08,Master's Degree,michael10@hotmail.com,Jessica,2019-08-01,Banks,9FVCSp1m,JesBanks95
1995-05-05,Undergraduate Degree,irojas@yahoo.com,Robert,2019-08-01,Bell,Ptlwr629,RobBell57
2003-11-20,Some High School,stephaniespencer@duran.com,Thomas,2019-08-01,Fisher,JKWokrTR,ThoFisher42
1988-02-10,High School Degree,gabriel06@cochran.com,Lauren,2019-08-01,Guzman,8qTCk9q4,LauGuzman50
2010-01-06,High School Degree,davisjeremiah@paul.org,Kari,2019-08-01,Barton,mJNjiLQa,KarBarton39
2005-09-08,Some High School,vdiaz@yahoo.com,Carmen,2019-08-01,Phillips,AhMnKzDb,CarPhillips96
1989-01-22,High School Degree,valerie72@campbell.info,Michael,2019-08-01,Walter,n2Mqh6pY,MicWalter94
2013-08-13,Bachelor's Degree,patriciagreen@yahoo.com,Justin,2019-08-01,Hill,enVL6RiR,JusHill47
1973-01-29,Bachelor's Degree,jamesclark@dodson.com,Thomas,2019-08-01,James,XJtog1ij,ThoJames27
1983-02-02,Bachelor's Degree,patricklarson@booth-fleming.com,Joseph,2019-08-01,Petty,VQBELaAi,JosPetty49
1982-05-29,Undergraduate Degree,qgreen@gomez.com,Laurie,2019-08-01,Hurley,letsIbwl,LauHurley54
2005-03-10,Some High School,zacharycox@jones.com,Matthew,2019-08-01,Stanley,WT4ptDO3,MatStanley69
2008-06-27,Bachelor's Degree,zcarlson@yahoo.com,Jorge,2019-08-01,Austin,4xMdNFUU,JorAustin38
1996-02-09,Some High School,patricia92@madden.net,Nancy,2019-08-01,Bauer,CDVZHI0S,NanBauer82
1987-08-31,Undergraduate Degree,michael37@peck.com,Elizabeth,2019-08-01,White,U1qKaLt6,EliWhite81
2010-02-10,Undergraduate Degree,hsullivan@martinez-velez.net,Sandra,2019-08-01,Rice,1CsJN9Ey,SanRice94
1989-08-15,High School Degree,cdavis@yahoo.com,Stacey,2019-08-01,Wiley,1LaxJZEZ,StaWiley68
2005-01-24,Doctoral Degree,zdean@sanchez.com,Emma,2019-08-01,Johnson,i8lMivBW,EmmJohnson68
2005-12-03,High School Degree,marvin38@gmail.com,Peter,2019-08-01,Glover,GJxOfdah,PetGlover35
2008-11-28,Doctoral Degree,alex87@hotmail.com,Samantha,2019-08-01,Anderson,c1Q466qS,SamAnderson57
1998-08-27,Master's Degree,lrobinson@fisher.com,Michael,2019-08-01,White,67CDArkv,MicWhite85
2015-11-23,Doctoral Degree,patriciawilson@yahoo.com,Cathy,2019-08-01,Erickson,8Z1lU7FB,CatErickson19
1976-07-08,Undergraduate Degree,sanchezsamuel@park-chavez.org,Kathy,2019-08-01,Johnson,w1TxvIFo,KatJohnson12
1993-07-31,Doctoral Degree,william92@hotmail.com,Bruce,2019-08-01,Morgan,qBAI20Eq,BruMorgan59
1986-02-12,High School Degree,kgray@russell.com,Rita,2019-08-01,Roberts,6qUO74Fd,RitRoberts3
1978-12-04,Master's Degree,williamskimberly@gmail.com,Julie,2019-08-01,Whitehead,pXOrsNw4,JulWhitehead75
1973-11-14,Some High School,lblack@griffin.com,Tonya,2019-08-01,Mccoy,C5SiIZPS,TonMccoy16
1997-01-23,High School Degree,kentmoran@terry.com,Diana,2019-08-01,Garza,1t6ghRQL,DiaGarza69
1988-01-21,Doctoral Degree,reyesadam@yahoo.com,Teresa,2019-08-01,Davenport,QVezYEjN,TerDavenport11
2003-03-04,Bachelor's Degree,john59@yahoo.com,Jeanette,2019-08-01,Abbott,vl7WwPpW,JeaAbbott53
2014-01-14,High School Degree,melissachoi@holloway.com,Lucas,2019-08-01,Harper,WZ2CSIr8,LucHarper55
1980-10-15,Undergraduate Degree,kwallace@bradford-butler.com,Nathan,2019-08-01,Fowler,dxgUo7VD,NatFowler93
1984-08-22,Some High School,natashasmith@bauer.com,Devon,2019-08-01,Mcdaniel,HsIiWpHz,DevMcdaniel91
1998-02-13,Undergraduate Degree,tina51@hotmail.com,Erika,2019-08-01,Webb,Ow3yBSha,EriWebb2
1972-11-19,Undergraduate Degree,ecooper@hotmail.com,Katherine,2019-08-01,Armstrong,UfMTRevq,KatArmstrong85
1994-05-27,Undergraduate Degree,jasminemaxwell@gmail.com,Laura,2019-08-01,Hoffman,5QZCRxXe,LauHoffman59
1991-09-01,Doctoral Degree,kmendez@hotmail.com,Russell,2019-08-01,Christian,y2ZVl6U9,RusChristian87
2000-12-12,Undergraduate Degree,lori68@rhodes.com,Matthew,2019-08-01,Carpenter,xh4MBd4L,MatCarpenter95
2017-06-06,Undergraduate Degree,jamescline@hotmail.com,Charles,2019-08-01,Patel,oaDpoMNT,ChaPatel54
2016-06-09,Undergraduate Degree,meghanreed@yahoo.com,Robert,2019-08-01,Howard,6gBfvgV1,RobHoward14
2011-01-13,Undergraduate Degree,morganheather@gmail.com,Michelle,2019-08-01,Thompson,7JKmWzY3,MicThompson69
1970-03-03,Master's Degree,jenniferbrown@woods.com,Jamie,2019-08-01,Jordan,dYrt97D6,JamJordan51
1972-02-02,Bachelor's Degree,rayjulie@sullivan-sheppard.com,Kristen,2019-08-01,Chambers,86GWAcQD,KriChambers66
1995-08-06,Undergraduate Degree,stephanie28@yahoo.com,Robert,2019-08-01,Ferguson,IGCcA3EH,RobFerguson39
2011-03-19,Some High School,rheath@hotmail.com,David,2019-08-01,Sims,sg3guVfj,DavSims99
1977-04-25,Bachelor's Degree,hayeslawrence@hill-perez.org,Jason,2019-08-01,Pham,1kjFFnip,JasPham44
1981-09-05,Doctoral Degree,larry65@gmail.com,Larry,2019-08-01,Cook,fA5s5Ebt,LarCook11
2015-03-06,High School Degree,joshuarogers@hawkins.net,Thomas,2019-08-01,Durham,94K6Dgf8,ThoDurham40
1976-04-23,Master's Degree,taylorjeffrey@yahoo.com,Randall,2019-08-01,Mendoza,zrImywb5,RanMendoza99
2011-05-11,Master's Degree,xlewis@villanueva.com,Julia,2019-08-01,Moore,EunYsDrx,JulMoore49
2004-08-22,Some High School,yjackson@prince-smith.com,Eric,2019-08-01,Logan,oRSnyxuY,EriLogan28
1982-06-15,Undergraduate Degree,williamsonsamuel@yahoo.com,Anthony,2019-08-01,Riddle,imiMBJwZ,AntRiddle84
1970-12-17,Master's Degree,jeffrey82@hotmail.com,Melissa,2019-08-01,Jenkins,W01Tbw3L,MelJenkins2
1974-01-12,High School Degree,jodi27@clay-ramirez.com,Kurt,2019-08-01,Ramos,nttb5NzQ,KurRamos73
1972-05-14,Doctoral Degree,rsanders@hotmail.com,Renee,2019-08-01,Molina,UDp6fagC,RenMolina94
2013-01-21,Bachelor's Degree,morenoluis@hotmail.com,Kenneth,2019-08-01,Lynch,HefknazU,KenLynch71
1997-07-16,High School Degree,hughescassandra@yahoo.com,Patricia,2019-08-01,Salinas,pv7ZUaK4,PatSalinas39
1980-01-01,Master's Degree,qadams@hotmail.com,Corey,2019-08-01,Mitchell,3SXHQN4D,CorMitchell93
1982-10-22,Master's Degree,amy37@hotmail.com,Deanna,2019-08-01,Black,0sqCFwCP,DeaBlack27
1974-12-23,Master's Degree,ewatts@hotmail.com,Rodney,2019-08-01,Fleming,INaeMINI,RodFleming54
1986-12-30,Master's Degree,william71@castaneda-coleman.com,James,2019-08-01,Pruitt,UdySIBYj,JamPruitt6
1995-07-02,Undergraduate Degree,cherylclark@hotmail.com,Gregory,2019-08-01,Thompson,tG2gwBpy,GreThompson81
2009-08-22,Doctoral Degree,paulbaker@cox-clark.biz,Christopher,2019-08-01,Black,YH0hXuDc,ChrBlack76
1975-04-21,Some High School,denise26@thornton.com,Kenneth,2019-08-01,Lawrence,cDfViJll,KenLawrence87
2011-11-07,High School Degree,donaldcook@yahoo.com,Melissa,2019-08-01,Frazier,8l5OoCVX,MelFrazier6
1978-10-03,Bachelor's Degree,abigailcontreras@suarez.com,Lisa,2019-08-01,Miller,0FBpztx0,LisMiller30
1988-12-10,Some High School,gregory02@nichols-sanchez.com,Sarah,2019-08-01,Newman,gIcfjg4M,SarNewman76
2008-08-07,Doctoral Degree,troyreed@gmail.com,Barbara,2019-08-01,Mosley,clrvssPO,BarMosley64
1983-11-24,Undergraduate Degree,mike86@yahoo.com,Bobby,2019-08-01,Martinez,tbfmFgee,BobMartinez74
1991-04-04,Some High School,joshuaaustin@black-barnett.com,Brenda,2019-08-01,Wilson,z17PEP2o,BreWilson12
2010-01-12,Some High School,lcohen@dunn.com,Amanda,2019-08-01,Austin,YsNi2cNF,AmaAustin72
1974-11-22,Some High School,mendozajessica@lopez.org,Tyler,2019-08-01,Patel,zYBRfuVn,TylPatel75
2000-09-14,High School Degree,seanschultz@phillips.com,Barbara,2019-08-01,Tran,3eCFDUik,BarTran28
1989-07-22,Doctoral Degree,toddgraham@yahoo.com,Dakota,2019-08-01,Lee,v0sgNpVF,DakLee75
1994-06-23,Some High School,smithmatthew@gmail.com,Phillip,2019-08-01,Page,GK7CiC2U,PhiPage17
1981-07-08,High School Degree,rebecca00@hotmail.com,Wendy,2019-08-01,Dominguez,NYg7fIeW,WenDominguez75
1970-03-20,Some High School,teresa33@rollins.com,Jennifer,2019-08-01,Clayton,qe29uAfo,JenClayton79
1988-01-27,Doctoral Degree,brendacoleman@dean-rodriguez.com,Dennis,2019-08-01,Sims,HhQjrCb9,DenSims47
1981-06-09,Undergraduate Degree,laura68@martin.org,Rebecca,2019-08-01,Ellison,482p70hJ,RebEllison75
1975-08-09,Some High School,melissa90@wong-johnson.com,Lisa,2019-08-01,Weeks,SAN7VHrb,LisWeeks25
2006-02-06,Doctoral Degree,amanda05@gmail.com,Hunter,2019-08-01,Rios,BoXcBbz5,HunRios78
1972-07-19,Bachelor's Degree,donparker@johnston.biz,Brent,2019-08-01,Harrison,QVBYIV3X,BreHarrison2
1989-03-04,High School Degree,mendozaantonio@yahoo.com,Cynthia,2019-08-01,Diaz,i8naVN3p,CynDiaz11
2003-01-13,Bachelor's Degree,justin74@stevens.com,Mark,2019-08-01,Allen,x5dwWgks,MarAllen91
1974-07-03,Doctoral Degree,mdodson@fox-love.com,Ethan,2019-08-01,Phillips,M6ZvkMUM,EthPhillips31
2008-03-11,Some High School,amandataylor@robinson-dalton.com,Tiffany,2019-08-01,Stone,kuakkTdw,TifStone90
2014-09-17,High School Degree,nsmith@reed.com,Betty,2019-08-01,Andersen,bXELGv8y,BetAndersen17
2006-12-26,Undergraduate Degree,yvettemanning@yahoo.com,Misty,2019-08-01,Beasley,R2g2wPqJ,MisBeasley27
1984-03-06,High School Degree,blakezuniga@ward.com,John,2019-08-01,Davidson,s4qAczor,JohDavidson17
2017-06-01,Undergraduate Degree,jeffrey05@wilson-barber.com,Nicholas,2019-08-01,Hill,4uiWb9SU,NicHill88
2017-04-11,Undergraduate Degree,ray49@smith-lozano.info,Jack,2019-08-01,Banks,O3bLt5a9,JacBanks10
1975-12-29,High School Degree,hamiltonleah@williams.com,Erica,2019-08-01,Berry,X3Q63eC6,EriBerry45
1997-08-07,Master's Degree,mary22@smith.com,Dr.,2019-08-01,Ashley,zfdcXhUm,Dr.Ashley68
2015-03-31,Some High School,joy75@bryant.com,Kristine,2019-08-01,Gomez,xHbmQ3bZ,KriGomez53
2015-02-04,High School Degree,lisarah@yahoo.com,Carly,2019-08-01,Newman,DWikfNJt,CarNewman24
2007-03-02,Some High School,zgibson@yahoo.com,Scott,2019-08-01,Brooks,BaQAiVUK,ScoBrooks85
2000-10-08,Doctoral Degree,lukerogers@thornton-brown.org,Thomas,2019-08-01,Smith,YFfBAeqV,ThoSmith45
1991-12-21,High School Degree,michael29@johnson-davis.com,Mallory,2019-08-01,Perry,oazzd27W,MalPerry24
1994-02-12,Doctoral Degree,mbrewer@yates-padilla.com,Joshua,2019-08-01,Hernandez,qJKgeCk4,JosHernandez0
2017-11-30,Master's Degree,pattersonsarah@massey.org,Mrs.,2019-08-01,Mary,JIwNchgM,MrsMary24
1973-05-19,Bachelor's Degree,rogerssheryl@yahoo.com,Kristin,2019-08-01,Glenn,BX0UbDZC,KriGlenn66
1993-03-22,Some High School,mlee@middleton.biz,Meagan,2019-08-01,Stuart,CauPxU8R,MeaStuart33
1994-03-13,Undergraduate Degree,lprince@gmail.com,Jennifer,2019-08-01,Cooper,624CbtNl,JenCooper100
1980-12-31,High School Degree,nathan62@warner-olson.com,Mark,2019-08-01,Barnes,LnDnAu1y,MarBarnes22
1995-01-31,High School Degree,alex06@hotmail.com,Sarah,2019-08-01,Padilla,9Ve6ikuQ,SarPadilla8
1999-01-26,Master's Degree,ajames@mcintosh.org,Suzanne,2019-08-01,Johnson,tkTMDej9,SuzJohnson83
1991-08-12,High School Degree,carmen89@braun-hamilton.com,Sara,2019-08-01,Conrad,TsnfkKnM,SarConrad28
1995-12-08,High School Degree,diazkrista@gmail.com,Victoria,2019-08-01,Andrews,iR7fv1KZ,VicAndrews65
2000-05-19,Bachelor's Degree,wongkeith@gmail.com,Sandra,2019-08-01,Miller,jJ7V0v2T,SanMiller50
1978-10-17,Doctoral Degree,judithsherman@gardner-shaw.com,Natalie,2019-08-01,Freeman,MoC33NsK,NatFreeman34
1973-04-02,Bachelor's Degree,timothy10@gmail.com,Melanie,2019-08-01,Herrera,t18vtu9c,MelHerrera90
1979-03-12,Master's Degree,sscott@yahoo.com,Trevor,2019-08-01,Long,2kWKPDtf,TreLong96
1981-03-08,Master's Degree,petersencharles@mcclure-johnson.net,Marissa,2019-08-01,Farmer,5udTbRHL,MarFarmer41
1977-07-28,Bachelor's Degree,rachael17@yang-williams.net,Laura,2019-08-01,Rosales,T2XeAq1G,LauRosales42
2014-12-25,Bachelor's Degree,amandaestrada@yahoo.com,Jennifer,2019-08-01,White,UpCPQ1YY,JenWhite13
2010-10-27,Undergraduate Degree,ncooper@yahoo.com,Jeremy,2019-08-01,Anderson,cfaPNZ6R,JerAnderson90
1999-08-01,Some High School,cummingschristian@yahoo.com,Kyle,2019-08-01,Jimenez,BuHNoj6e,KylJimenez23
1985-10-29,Doctoral Degree,nicole55@clark.com,John,2019-08-01,Warner,KBUMcOtF,JohWarner91
1972-04-04,Bachelor's Degree,qgarcia@brown.com,Lisa,2019-08-01,Brown,hVLELiQQ,LisBrown65
1986-08-31,Bachelor's Degree,garciawayne@gmail.com,Ashley,2019-08-01,Richardson,mi2siYIB,AshRichardson72
2017-04-05,Undergraduate Degree,gailjones@guerra.com,Warren,2019-08-01,Fuentes,DXKz19gn,WarFuentes22
1990-01-28,Some High School,perezjerry@andersen.com,Christopher,2019-08-01,Larson,O27hTT7U,ChrLarson35
2003-04-28,Bachelor's Degree,qsmith@gmail.com,Desiree,2019-08-01,Edwards,rynmk2zH,DesEdwards24
2016-10-10,Doctoral Degree,stevenhaynes@lang.com,Robert,2019-08-01,Bell,eWMy6ZB5,RobBell63
1993-01-06,Doctoral Degree,robertfoster@hotmail.com,Victoria,2019-08-01,Nunez,gwWq0Ztf,VicNunez49
1974-08-04,High School Degree,robertsdavid@gmail.com,David,2019-08-01,Boyd,B8Q8HCEf,DavBoyd86
1985-05-25,Doctoral Degree,kimberlysmith@hotmail.com,Leon,2019-08-01,Keller,BHIM6yXo,LeoKeller100
1978-12-29,Doctoral Degree,dannyharris@hotmail.com,Debra,2019-08-01,Freeman,ymdhqJrL,DebFreeman68
2011-04-30,Some High School,sbarnes@yahoo.com,Kimberly,2019-08-01,Elliott,0ENPU8T2,KimElliott5
1971-06-19,Undergraduate Degree,seanclark@yahoo.com,Carla,2019-08-01,Foster,jBW52DzO,CarFoster16
1992-07-25,Undergraduate Degree,robertcampbell@hotmail.com,Mariah,2019-08-01,Diaz,hq2gac7W,MarDiaz98
1974-05-26,Some High School,fosborne@hotmail.com,Laura,2019-08-01,Adams,fzofRPqo,LauAdams43
2012-10-04,High School Degree,johnsonmarissa@gmail.com,Vickie,2019-08-01,Bates,Szbn8beV,VicBates50
2002-04-18,Some High School,christophermorris@hotmail.com,Kathy,2019-08-01,Moore,CgTSefct,KatMoore68
1995-01-06,Master's Degree,bjohnson@thomas.com,Timothy,2019-08-01,Petty,FcBOkwwy,TimPetty89
1976-07-09,Some High School,nealmegan@hotmail.com,Cynthia,2019-08-01,Wong,KY2Z99C4,CynWong98
1973-03-01,Bachelor's Degree,briannadavenport@yahoo.com,Jasmine,2019-08-01,Day,dmKx2hfA,JasDay20
1990-11-29,Doctoral Degree,thomas68@reed.biz,Amanda,2019-08-01,Murray,PPRJry8h,AmaMurray80
2007-03-20,Doctoral Degree,roymccoy@gmail.com,Alexander,2019-08-01,Parrish,pvYCwGcP,AleParrish76
1977-10-16,Doctoral Degree,david01@hampton.net,Jose,2019-08-01,Campbell,2DUBA3Xw,JosCampbell30
1996-08-12,Master's Degree,timothy72@gmail.com,William,2019-08-01,Silva,vGdtrIBm,WilSilva51
2001-01-20,Master's Degree,bsimpson@sims.com,Todd,2019-08-01,Conley,SYGwI4w7,TodConley45
1990-02-27,Some High School,gardnermonica@miranda-hernandez.com,Jane,2019-08-01,Pittman,NNOciROd,JanPittman31
1986-09-23,Doctoral Degree,coreystephenson@hotmail.com,Sarah,2019-08-01,Washington,RVKWS5N7,SarWashington24
2005-04-05,Some High School,rebeccahuang@hotmail.com,Wendy,2019-08-01,Cooley,emIFY3tA,WenCooley78
2006-11-10,Undergraduate Degree,xconner@hotmail.com,Zachary,2019-08-01,Armstrong,kBIcTQfC,ZacArmstrong98
1987-02-26,Some High School,fergusonmark@valdez-hernandez.com,Bryce,2019-08-01,Jones,m43P7XRB,BryJones85
2013-08-05,Bachelor's Degree,lawsonsylvia@hotmail.com,Christopher,2019-08-01,Ballard,1XrErOdN,ChrBallard22
2004-08-04,Undergraduate Degree,ljordan@tucker.net,Jordan,2019-08-01,Young,kc0NJI5q,JorYoung26
2017-05-14,Undergraduate Degree,ruben69@hotmail.com,Katherine,2019-08-01,Zuniga,6MSLfxk9,KatZuniga19
1997-03-28,Bachelor's Degree,christopherwilliams@hotmail.com,Tanya,2019-08-01,Moore,HFaXk34k,TanMoore1
1986-03-09,Master's Degree,kevinrivera@harmon.org,Michelle,2019-08-01,Pace,57h0XNgF,MicPace92
1980-01-12,Bachelor's Degree,terrimolina@gmail.com,Samantha,2019-08-01,Cox,IWpwreEW,SamCox6
1983-11-09,Bachelor's Degree,catherine88@yahoo.com,Ryan,2019-08-01,Gonzalez,pWkvWFe1,RyaGonzalez67
2006-03-19,Undergraduate Degree,sdavis@hotmail.com,Brenda,2019-08-01,Howell,lY3V1lpe,BreHowell22
1983-03-01,Master's Degree,johnalexander@king.com,Jennifer,2019-08-01,Davis,8bwz9Fr5,JenDavis50
1982-05-04,Doctoral Degree,emilypeterson@manning.com,Andrew,2019-08-01,Joseph,ijtiRBrD,AndJoseph7
1981-08-22,Master's Degree,lauramorgan@hotmail.com,Lisa,2019-08-01,Evans,Z1SVVDfH,LisEvans61
2012-04-12,Some High School,carlpeterson@hotmail.com,Luke,2019-08-01,Myers,mQUpSofE,LukMyers7
2018-04-26,Undergraduate Degree,uwatts@gmail.com,Joseph,2019-08-01,Paul,JHjdYANM,JosPaul22
2002-03-09,Doctoral Degree,elizabeth81@yahoo.com,Brent,2019-08-01,Kelly,4EDhV2c5,BreKelly52
1988-12-23,Undergraduate Degree,michaeltorres@hotmail.com,Jessica,2019-08-01,Bean,08NiHx5J,JesBean100
1993-09-11,Master's Degree,bethbrown@yahoo.com,Donald,2019-08-01,Fields,wIGYlxfZ,DonFields40
1999-07-02,Doctoral Degree,amandamcconnell@coleman-pierce.org,Susan,2019-08-01,Scott,XwQOMfsv,SusScott21
1974-01-15,Master's Degree,riveranicole@wilcox.com,Ana,2019-08-01,Allen,B7exeVtY,AnaAllen31
1986-11-08,Some High School,david94@hotmail.com,Elizabeth,2019-08-01,Hughes,Kan0fElV,EliHughes55
2004-05-01,Bachelor's Degree,matthewlawrence@vasquez-garcia.info,Nicole,2019-08-01,Curry,tjPOj5GF,NicCurry91
1973-01-24,Bachelor's Degree,lewisgina@gmail.com,Richard,2019-08-01,Huang,gyc44lOu,RicHuang32
1970-03-02,Undergraduate Degree,dhernandez@yahoo.com,Traci,2019-08-01,Powell,WBTZK82r,TraPowell33
2015-05-26,Bachelor's Degree,david15@gmail.com,Kari,2019-08-01,Morris,hr3lKy2s,KarMorris14
2015-01-14,Undergraduate Degree,joshuagoodman@gmail.com,Nicole,2019-08-01,Carter,lrgmo2vT,NicCarter45
2011-01-12,Some High School,whiteerica@bird.com,Raymond,2019-08-01,Williams,3qOnFxtu,RayWilliams92
2004-10-29,Bachelor's Degree,brandon50@gmail.com,Jeffrey,2019-08-01,Alvarado,JL3eREmN,JefAlvarado33
1984-12-21,Undergraduate Degree,zwarren@knight-smith.com,Jamie,2019-08-01,Jimenez,hnFntzQB,JamJimenez56
2009-03-25,Bachelor's Degree,diane44@roth-harris.biz,Alexandra,2019-08-01,Mcpherson,2avj68vJ,AleMcpherson95
1987-04-01,Bachelor's Degree,julieperez@jimenez.net,Louis,2019-08-01,Gilmore,V57WnuBz,LouGilmore13
2008-10-11,Doctoral Degree,wallsjames@smith.com,Jason,2019-08-01,Davis,OvTdZd4w,JasDavis57
2005-07-03,Bachelor's Degree,daniel86@flores-ramos.com,Benjamin,2019-08-01,Brown,V4o754mw,BenBrown11
1979-11-03,Some High School,bishopjeremy@hernandez.biz,Diana,2019-08-01,Anderson,Gd1BqXnm,DiaAnderson64
2007-01-17,Master's Degree,pross@gmail.com,Tina,2019-08-01,Thompson,LHi9bSIr,TinThompson12
1982-01-31,Some High School,daykelsey@yahoo.com,Summer,2019-08-01,Branch,BqzghDXe,SumBranch43
1984-12-15,High School Degree,jennifer61@hotmail.com,Makayla,2019-08-01,Medina,bubEJhzO,MakMedina94
1971-07-28,Bachelor's Degree,kevincastillo@brooks.com,Dominique,2019-08-01,Aguilar,5fqB6fCJ,DomAguilar91
1982-07-03,Bachelor's Degree,briananderson@yahoo.com,Michael,2019-08-01,Porter,lS68yD8O,MicPorter7
2003-07-29,Doctoral Degree,glawrence@gmail.com,Steven,2019-08-01,Hudson,zBXH7TbT,SteHudson68
1973-07-15,High School Degree,baileydiaz@clark.com,Connie,2019-08-01,Harrison,oxvCpgwt,ConHarrison82
2018-11-25,Undergraduate Degree,benjamin18@yahoo.com,Wendy,2019-08-01,Williams,Dze7S3t1,WenWilliams1
1987-08-18,Undergraduate Degree,adam56@hotmail.com,Brian,2019-08-01,Scott,9VC0wJA7,BriScott93
1984-09-16,Master's Degree,johnhatfield@greene.com,Robert,2019-08-01,Chen,9eM3T12v,RobChen88
1983-09-16,Undergraduate Degree,jenniferberry@schroeder-marshall.com,Rhonda,2019-08-01,Coleman,32LNTQ5n,RhoColeman23
2018-02-04,Bachelor's Degree,judith99@williams-cooper.com,Melissa,2019-08-01,Smith,dshzL7yq,MelSmith64
2000-11-20,Some High School,clarkeric@yahoo.com,Kayla,2019-08-01,Adams,TG1k8TiO,KayAdams38
2013-08-20,Bachelor's Degree,ryanschwartz@hotmail.com,Taylor,2019-08-01,Edwards,I4Zv0luF,TayEdwards33
1996-11-20,Some High School,jared79@hotmail.com,Glenn,2019-08-01,Everett,TvoYp5HN,GleEverett93
2005-07-15,Master's Degree,sabrina79@hotmail.com,Darren,2019-08-01,Jackson,pnPrQSnJ,DarJackson99
1990-12-02,High School Degree,kdelgado@howard-nelson.org,Kayla,2019-08-01,Frazier,2nHk7DEr,KayFrazier62
2012-08-30,Bachelor's Degree,bryan52@abbott-waters.net,Grace,2019-08-01,Hodges,j5JMVoQH,GraHodges59
1988-02-08,Some High School,cameron24@anderson.com,Kim,2019-08-01,Thomas,K2qtt9SN,KimThomas90
2017-10-21,Doctoral Degree,michael67@solomon-skinner.biz,Rachel,2019-08-01,Boyd,Ksi4f4Vn,RacBoyd90
2004-01-09,High School Degree,dominguezdavid@hernandez-singleton.com,Steven,2019-08-01,Padilla,tkfMVY3M,StePadilla6
1997-02-06,Master's Degree,nicole88@anderson-boyle.info,Cynthia,2019-08-01,Buchanan,6XZx4NhD,CynBuchanan5
1977-06-28,High School Degree,kevin81@perkins.com,Victoria,2019-08-01,Frank,Ul2rADf2,VicFrank55
2019-04-18,Undergraduate Degree,ryan07@yahoo.com,David,2019-08-01,Williams,pddfPLig,DavWilliams72
1984-02-12,Doctoral Degree,madkins@gmail.com,Jessica,2019-08-01,Hernandez,IihnhDWl,JesHernandez73
1975-03-22,Some High School,thomascook@yahoo.com,Todd,2019-08-01,Fernandez,OPmgB9cF,TodFernandez98
2000-08-03,Undergraduate Degree,darrylmartin@castillo.com,Angela,2019-08-01,Ross,KdDJ0gdQ,AngRoss8
1997-04-10,High School Degree,robertbarry@yahoo.com,David,2019-08-01,Mcgee,babP2Uum,DavMcgee27
2000-11-06,High School Degree,annblack@hotmail.com,Laura,2019-08-01,Moore,zhyXrT3H,LauMoore62
1987-10-26,Some High School,maria14@harris-leonard.com,Joseph,2019-08-01,Ayala,VJ3YJUOj,JosAyala93
1983-03-30,High School Degree,rangelbrenda@yahoo.com,Brianna,2019-08-01,Davis,2FGaVEDT,BriDavis27
2011-02-08,Doctoral Degree,kennethroy@chaney-fitzgerald.com,Jessica,2019-08-01,Hatfield,RDsCGRaQ,JesHatfield23
1989-11-02,Doctoral Degree,jamiewilson@gmail.com,Alexander,2019-08-01,Smith,xPS9hlno,AleSmith88
2012-09-17,Some High School,lpowell@gmail.com,Eric,2019-08-01,Ramirez,MQ4kOUKB,EriRamirez20
1993-11-20,Undergraduate Degree,harmonjane@gmail.com,Nancy,2019-08-01,Garcia,xfkh7RBN,NanGarcia31
2004-05-25,Doctoral Degree,zjenkins@harper.com,Cynthia,2019-08-01,Coleman,4mUDtlMr,CynColeman1
2009-07-01,Master's Degree,mary02@allen-lester.com,Bruce,2019-08-01,Richmond,ynvvymkv,BruRichmond41
2002-08-19,High School Degree,bishopmatthew@gmail.com,Andrew,2019-08-01,Williams,Cnqlllya,AndWilliams42
2012-01-11,Bachelor's Degree,kevinrobertson@hotmail.com,Andrew,2019-08-01,Larson,ImZWMuYb,AndLarson10
1972-03-04,High School Degree,cheryl62@cole.com,Marc,2019-08-01,Horton,ay3rOtQJ,MarHorton84
1991-07-03,Some High School,kathleen46@hotmail.com,Ana,2019-08-01,Garcia,AblArERf,AnaGarcia81
1982-11-06,Master's Degree,tgonzalez@bell-cherry.com,Karen,2019-08-01,Brown,UREOw7tF,KarBrown52
2006-04-01,Bachelor's Degree,erica27@moore.com,John,2019-08-01,Brown,nS0B9MCy,JohBrown24
1991-01-20,Bachelor's Degree,todd82@cooper.biz,Donna,2019-08-01,Stein,56rE5vbt,DonStein9
1986-01-05,Undergraduate Degree,chungtrevor@jones-franklin.com,Elizabeth,2019-08-01,Cannon,92E3kiAn,EliCannon3
1989-09-01,Some High School,keithpatel@parker.com,Matthew,2019-08-01,Brown,qo9RT2Yt,MatBrown10
1989-03-10,Undergraduate Degree,nancyprice@hotmail.com,Judy,2019-08-01,Harmon,JT6aXcXe,JudHarmon45
2003-10-20,Doctoral Degree,debrathompson@hunter.com,Pamela,2019-08-01,Parker,mUFJSds2,PamParker100
2014-06-16,Bachelor's Degree,cookmicheal@collins-butler.net,Linda,2019-08-01,Mueller,qVNyVNDJ,LinMueller30
1991-08-05,Undergraduate Degree,adrian85@hall.com,Daniel,2019-08-01,Odom,fQJuk95F,DanOdom84
2011-02-01,High School Degree,zjensen@hotmail.com,Erika,2019-08-01,Moyer,4SzgVYZ2,EriMoyer23
1998-02-15,Doctoral Degree,margaretburton@chambers-harris.com,Brandon,2019-08-01,Leonard,VcwOn9CZ,BraLeonard89
2010-03-07,Master's Degree,jesse22@anderson-smith.com,Devin,2019-08-01,Nolan,R3ZznbRP,DevNolan70
1984-12-16,Doctoral Degree,danielbecky@dougherty-collins.net,Samantha,2019-08-01,Smith,3jsxgAc8,SamSmith99
1973-04-09,Doctoral Degree,branchthomas@hotmail.com,Joe,2019-08-01,Bird,E6VxzK7n,JoeBird85
1974-01-31,Doctoral Degree,richard90@hotmail.com,Megan,2019-08-01,Woodward,Jv42mqP3,MegWoodward71
1979-10-10,High School Degree,millerlisa@yahoo.com,Jessica,2019-08-01,Vang,xFVZZiFG,JesVang100
2007-05-06,Doctoral Degree,jared78@yahoo.com,Richard,2019-08-01,Harrington,M9XPTrqG,RicHarrington92
2011-08-23,Some High School,rogersvictor@hotmail.com,Brian,2019-08-01,King,3sq74nbD,BriKing32
2016-01-20,High School Degree,mcclureadam@yahoo.com,Matthew,2019-08-01,Santana,uutJl4XP,MatSantana86
1996-09-15,High School Degree,debra18@gmail.com,Chad,2019-08-01,Oliver,IBenCzdC,ChaOliver41
2011-06-03,Some High School,adam17@clarke.net,Julie,2019-08-01,Thomas,eUT3Xr61,JulThomas43
1974-05-23,High School Degree,vrodriguez@yahoo.com,Isaac,2019-08-01,Wilson,ynHsFeEL,IsaWilson93
2018-04-29,Some High School,wporter@norton.biz,Antonio,2019-08-01,Rosario,Qd8turIA,AntRosario86
1988-05-23,Doctoral Degree,tyler96@morgan.org,Debra,2019-08-01,Griffith,Q6fTz2kb,DebGriffith58
1976-12-04,Bachelor's Degree,ggonzalez@hotmail.com,Julia,2019-08-01,Garcia,a8ny1R27,JulGarcia99
1972-06-13,High School Degree,carlosjohnson@thomas.biz,Jodi,2019-08-01,Edwards,GzCcD1Yf,JodEdwards0
1994-03-15,Some High School,karengreen@yahoo.com,Heather,2019-08-01,Cook,pPxt29aQ,HeaCook56
1990-12-20,Undergraduate Degree,oconnelltodd@nelson-humphrey.org,Jeffrey,2019-08-01,Shaw,jd55mYJj,JefShaw27
1996-10-18,Undergraduate Degree,msmith@hansen-benjamin.net,Jennifer,2019-08-01,Shea,caEDEhFV,JenShea29
2009-07-11,High School Degree,kellerbrandon@sanchez-obrien.com,Jordan,2019-08-01,Kelly,jK5neI8E,JorKelly71
1977-09-30,Undergraduate Degree,teresa52@lambert.com,Allison,2019-08-01,Bradford,0LMOFonx,AllBradford58
1992-07-18,Doctoral Degree,jeremy19@gmail.com,Jonathan,2019-08-01,Kent,exaVQtMm,JonKent58
2003-10-31,Undergraduate Degree,stoneteresa@parsons.com,Bonnie,2019-08-01,Campbell,z1LwImXB,BonCampbell47
1974-07-04,Doctoral Degree,cgibson@gmail.com,Joanne,2019-08-01,Torres,SHUwuKka,JoaTorres34
2016-11-27,Doctoral Degree,joelcarney@hernandez-brown.com,Terri,2019-08-01,Gross,ylveAu6c,TerGross63
2014-07-11,High School Degree,robertpatterson@warren-chen.com,Nicole,2019-08-01,Watson,eqEpggyV,NicWatson42
1987-10-23,Bachelor's Degree,harriselizabeth@smith-wells.biz,Laura,2019-08-01,Mendoza,dxVuaurv,LauMendoza87
1997-02-03,Some High School,lmason@kelly-hurley.info,Lori,2019-08-01,Howe,YbU1R0mM,LorHowe45
2012-02-08,Undergraduate Degree,nicholashendrix@yahoo.com,April,2019-08-01,Thomas,Vvmz5pdP,AprThomas14
1999-01-15,Master's Degree,ydiaz@yahoo.com,Sue,2019-08-01,Young,CJUtx5uI,SueYoung84
1971-05-10,Undergraduate Degree,erickennedy@griffith.net,Amber,2019-08-01,Burgess,lZzg11s7,AmbBurgess28
2003-11-07,High School Degree,darrencantu@yahoo.com,Maria,2019-08-01,Young,uO9JwAFF,MarYoung25
1996-06-16,Undergraduate Degree,barbarahoffman@gmail.com,Ronald,2019-08-01,Smith,74JqEOu8,RonSmith3
1971-04-03,Undergraduate Degree,osheppard@hotmail.com,Stephanie,2019-08-01,Price,a7XMBfPZ,StePrice23
2011-02-28,Bachelor's Degree,mgonzalez@gmail.com,Alexander,2019-08-01,Berg,tHWHx6v2,AleBerg50
2017-06-24,High School Degree,marcwolf@yahoo.com,Amy,2019-08-01,Townsend,HlB6d2G5,AmyTownsend31
1970-02-24,Bachelor's Degree,jpratt@hotmail.com,Victoria,2019-08-01,Adams,Z1jEUq1a,VicAdams41
1971-07-09,High School Degree,tamiadkins@alvarez.com,Monica,2019-08-01,Davis,Lkln3dQ9,MonDavis70
2002-12-13,High School Degree,johnnelson@gmail.com,Susan,2019-08-01,Flores,huQY7zqi,SusFlores22
1996-01-25,Master's Degree,jeffreyelliott@gmail.com,Stanley,2019-08-01,Washington,GKiUsaTU,StaWashington8
2018-08-05,Some High School,sheripowers@schmidt-webb.com,Andrea,2019-08-01,White,lfWSf8Ca,AndWhite14
2004-04-22,High School Degree,srichards@hotmail.com,Michelle,2019-08-01,Kennedy,JOQIS7gu,MicKennedy1
1987-03-30,Master's Degree,ahernandez@gmail.com,Joshua,2019-08-01,Oconnell,6KbZCUZr,JosOconnell2
2015-02-07,Undergraduate Degree,simpsonleslie@hotmail.com,Cody,2019-08-01,Valencia,2bHbiH4I,CodValencia10
2006-06-03,High School Degree,omartin@davis.org,Kristin,2019-08-01,Jones,sg2er9yp,KriJones24
1996-09-06,Doctoral Degree,sandranelson@bean.com,Anna,2019-08-01,Randall,zTyEEaxw,AnnRandall80
2004-11-01,Doctoral Degree,kimberly33@hotmail.com,Donald,2019-08-01,Esparza,LRLxTOmZ,DonEsparza50
1972-06-07,Master's Degree,kristysmith@hotmail.com,Joshua,2019-08-01,Smith,LRGM1VEb,JosSmith35
2007-12-26,Some High School,lorraine71@scott.com,Steven,2019-08-01,Ford,1jmSEmiQ,SteFord94
1999-10-24,High School Degree,lbishop@yahoo.com,Taylor,2019-08-01,Jackson,bd6qyhql,TayJackson1
1975-09-18,Doctoral Degree,lcastillo@hotmail.com,Jessica,2019-08-01,Brown,1MjOQshC,JesBrown87
2000-07-05,Undergraduate Degree,ohebert@hotmail.com,Christopher,2019-08-01,Jones,wxAuCTfw,ChrJones51
1982-06-14,High School Degree,scottdonald@parker.info,Colleen,2019-08-01,Hanson,zLF7JU6R,ColHanson50
1988-04-14,Doctoral Degree,cassie38@miller.com,April,2019-08-01,Morton,pB20D58B,AprMorton75
2013-06-17,Some High School,ywilkins@atkins-sanders.org,Heidi,2019-08-01,Shields,jgRmQkxf,HeiShields58
1989-01-02,Undergraduate Degree,eshaffer@bates-sullivan.com,Victoria,2019-08-01,Steele,zQPfvQiR,VicSteele17
1987-02-24,High School Degree,robinsonisaiah@brown-robles.com,Margaret,2019-08-01,Hale,kwk6yBOq,MarHale88
1987-04-12,Master's Degree,flarson@yahoo.com,Samantha,2019-08-01,Duke,z9SQIiRt,SamDuke36
1974-09-03,Bachelor's Degree,andreramos@hotmail.com,Beth,2019-08-01,Adams,1RqtT5w9,BetAdams50
2001-02-03,Doctoral Degree,laura13@warren-white.info,Alexis,2019-08-01,Nichols,tbaf5L80,AleNichols37
1980-09-02,Bachelor's Degree,raymondolson@hotmail.com,Jonathon,2019-08-01,Richardson,LYY0X4l8,JonRichardson53
1991-03-19,Some High School,ajames@yahoo.com,Cathy,2019-08-01,Mosley,gBQYUC5t,CatMosley84
1974-09-15,Master's Degree,mathewneal@yahoo.com,Victor,2019-08-01,Phillips,Z3CKUZIg,VicPhillips36
2012-11-30,Some High School,pamela76@hotmail.com,Ian,2019-08-01,Sanchez,pmkTdh9y,IanSanchez72
1990-08-28,Bachelor's Degree,sharpkevin@lowery.com,Rebecca,2019-08-01,Davenport,7cjwWJLj,RebDavenport23
2002-05-23,Master's Degree,landerson@yahoo.com,Emma,2019-08-01,Lloyd,0W2C9yZ9,EmmLloyd82
1979-11-12,High School Degree,crystalserrano@gonzalez.com,Lucas,2019-08-01,Harmon,X5Jd9Q4j,LucHarmon83
2000-11-19,Some High School,tammy58@gmail.com,Justin,2019-08-01,Cervantes,zgj1dWqT,JusCervantes0
2012-06-15,High School Degree,thompsondonald@gmail.com,Kyle,2019-08-01,Downs,3wNrKhTu,KylDowns98
1977-02-04,Undergraduate Degree,rgould@perez.com,Kevin,2019-08-01,Walters,VUbqjhWX,KevWalters84
2017-09-12,Some High School,millercarrie@calderon.net,April,2019-08-01,Hoffman,AAxj5pZ6,AprHoffman100
1979-08-12,Doctoral Degree,canderson@hotmail.com,Kimberly,2019-08-01,Rice,nfWRScvm,KimRice78
2018-03-23,Undergraduate Degree,christinalarson@yahoo.com,Susan,2019-08-01,Martinez,KitHIKiw,SusMartinez32
1986-10-27,High School Degree,susanmartin@russell-davis.com,Jasmine,2019-08-01,Moss,CMuACoWE,JasMoss5
1984-03-17,Bachelor's Degree,eric67@hotmail.com,Aaron,2019-08-01,Garner,T2H7GtzY,AarGarner85
2007-12-28,Master's Degree,sturner@yahoo.com,Theresa,2019-08-01,Miller,E48fIg5k,TheMiller23
1992-04-20,High School Degree,garciamisty@yahoo.com,David,2019-08-01,Crane,DjkVgHN8,DavCrane23
1998-12-27,Some High School,david50@duncan.info,Austin,2019-08-01,Saunders,XwVZY1FP,AusSaunders99
1971-11-19,Some High School,lisaaustin@yahoo.com,Melinda,2019-08-01,Galloway,w3gE3AE5,MelGalloway91
2018-03-26,Undergraduate Degree,fwilliams@yahoo.com,Richard,2019-08-01,Williams,WMMGaPsb,RicWilliams91
1973-05-28,Doctoral Degree,elijahgates@gmail.com,Philip,2019-08-01,Quinn,NTTccTnC,PhiQuinn89
2001-01-24,Master's Degree,jeremiah39@yahoo.com,John,2019-08-01,Smith,l5N8Ls92,JohSmith26
1995-01-12,Some High School,matthew60@woods.org,Stephen,2019-08-01,Landry,N2GqfGqk,SteLandry11
2002-12-22,Doctoral Degree,lharrington@gmail.com,Sandy,2019-08-01,Ryan,ioTIjxrZ,SanRyan20
2008-03-02,Master's Degree,toddgibson@gmail.com,Adam,2019-08-01,Mccullough,noiKbWsE,AdaMccullough56
2017-06-06,High School Degree,ibarragary@mcbride.com,Eddie,2019-08-01,Williams,e47bKaoy,EddWilliams23
2001-06-04,Doctoral Degree,ybailey@gmail.com,Laura,2019-08-01,Chang,zeaxwFZp,LauChang31
2005-07-16,Master's Degree,obrienrachel@gmail.com,Margaret,2019-08-01,Brooks,1hL12G30,MarBrooks76
1986-11-19,Doctoral Degree,icantrell@hotmail.com,Angela,2019-08-01,Jones,29jDq6UP,AngJones41
1993-04-01,Master's Degree,kathleen58@gmail.com,Dawn,2019-08-01,Williams,RGv8O2dQ,DawWilliams30
1973-06-19,Master's Degree,amorris@hotmail.com,Melvin,2019-08-01,Edwards,TwBo5ciq,MelEdwards3
2008-04-02,Doctoral Degree,bscott@hotmail.com,Monique,2019-08-01,Smith,F2FabiOL,MonSmith83
1986-01-23,Undergraduate Degree,jamie96@carpenter-malone.net,Allison,2019-08-01,Jenkins,i7shR272,AllJenkins38
1998-05-23,Some High School,collinsdean@hotmail.com,Laurie,2019-08-01,Clements,9HiZc78l,LauClements46
1982-06-22,Some High School,byrddeborah@jackson.biz,Brianna,2019-08-01,Powers,0VG5S9S3,BriPowers36
1994-06-23,High School Degree,matthew01@wu.net,John,2019-08-01,Church,JlKTKkKM,JohChurch65
1994-01-10,Doctoral Degree,jessicabarrera@lopez-jordan.com,Daniel,2019-08-01,Schultz,eM595AYc,DanSchultz71
2015-05-29,Master's Degree,pzuniga@nguyen.info,Donna,2019-08-01,Rodriguez,4NlWABne,DonRodriguez5
2009-04-16,High School Degree,frasmussen@gmail.com,Maurice,2019-08-01,Murphy,rup66KzJ,MauMurphy36
1992-04-12,High School Degree,jacob34@simon.net,David,2019-08-01,Taylor,oY18Vizn,DavTaylor12
2018-10-29,Undergraduate Degree,bondshannon@riley.com,Troy,2019-08-01,Guzman,WkatPHyT,TroGuzman45
1989-11-06,Some High School,brooke64@hotmail.com,Ariana,2019-08-01,Ayala,MmCiconE,AriAyala90
1974-07-30,Some High School,nochoa@mcbride.com,Theodore,2019-08-01,Davis,snHrfEEw,TheDavis66
2012-03-12,High School Degree,whiterhonda@yahoo.com,Jennifer,2019-08-01,Rhodes,nWRPoaGd,JenRhodes97
1970-07-10,Undergraduate Degree,vyoung@perkins.info,Dawn,2019-08-01,Lewis,p3WFa6eD,DawLewis93
2015-05-28,Undergraduate Degree,jessicathomas@gmail.com,Timothy,2019-08-01,Shea,sAFfxW9K,TimShea80
1984-08-29,High School Degree,kristen50@hotmail.com,Elizabeth,2019-08-01,Franklin,DpSZir9s,EliFranklin36
2002-02-16,Undergraduate Degree,kingkaren@yahoo.com,Kenneth,2019-08-01,Flores,L3lYXc02,KenFlores15
1976-12-01,Some High School,stephen95@hotmail.com,Jessica,2019-08-01,Lane,A5NyjZwn,JesLane37
2019-06-12,Some High School,patrickmorrow@hotmail.com,Jennifer,2019-08-01,Gonzales,UWsIDl9j,JenGonzales94
2002-08-10,Undergraduate Degree,samantha94@hotmail.com,Kevin,2019-08-01,Swanson,OqNXe3dJ,KevSwanson10
1980-03-10,Undergraduate Degree,jonathan65@hotmail.com,Matthew,2019-08-01,Smith,ODSU4R2f,MatSmith79
2010-01-21,Master's Degree,wernermelanie@russell-le.com,Christine,2019-08-01,Rice,WFjxvTK8,ChrRice64
2009-06-04,Bachelor's Degree,angela87@morales.com,Brandon,2019-08-01,Jones,2U0TSJ5d,BraJones5
2002-08-31,Some High School,johngreer@yahoo.com,Courtney,2019-08-01,Gonzales,fyh8Uqwv,CouGonzales94
1995-07-09,Bachelor's Degree,susanrodgers@lopez.com,Sharon,2019-08-01,Alvarez,Zg4WM43i,ShaAlvarez4
2011-09-07,Some High School,reyestheresa@edwards.com,Robert,2019-08-01,Holmes,MlLPj2oE,RobHolmes35
1970-02-09,Some High School,anthonysingh@cohen.biz,Alexis,2019-08-01,Sanchez,L8zZsmzl,AleSanchez95
1987-09-28,Doctoral Degree,joseph64@baker.net,Amy,2019-08-01,Jones,SRqYKMo7,AmyJones54
1988-06-04,Undergraduate Degree,rgordon@yahoo.com,Steven,2019-08-01,Crane,D8yqkIsV,SteCrane32
2003-07-25,Master's Degree,william30@hodge.com,Anna,2019-08-01,Salinas,2UNLNxln,AnnSalinas11
1996-05-07,Undergraduate Degree,loricarlson@hotmail.com,Susan,2019-08-01,Jacobs,JaSKYTBE,SusJacobs65
1993-12-25,Some High School,vdickerson@turner-rivers.com,Christina,2019-08-01,Alexander,DwOcIw8x,ChrAlexander37
2006-12-10,Undergraduate Degree,diana52@frank.info,Mitchell,2019-08-01,Elliott,kbXSjaH3,MitElliott70
1970-04-16,Undergraduate Degree,justin97@smith.com,Brooke,2019-08-01,Baker,cqiOiRGR,BroBaker65
2016-04-15,Master's Degree,robertgarrett@gmail.com,Robert,2019-08-01,Martin,Ufepu2Dj,RobMartin90
1976-01-24,High School Degree,ronaldperry@hanson.net,Melanie,2019-08-01,Welch,BB2j0PJd,MelWelch52
2000-09-02,Bachelor's Degree,tylerryan@richardson.com,Kimberly,2019-08-01,Oliver,MTf5qrU7,KimOliver94
1970-12-11,Bachelor's Degree,zsimmons@alexander-lopez.com,Samantha,2019-08-01,Russell,rySjrQZd,SamRussell99
1970-05-30,Doctoral Degree,juarezronald@hotmail.com,Kathy,2019-08-01,Garza,w8xTbOpP,KatGarza37
2005-10-19,Some High School,jennifer64@hotmail.com,Angela,2019-08-01,Hudson,z3euJbbn,AngHudson85
1994-04-19,Some High School,yolandashaw@yahoo.com,James,2019-08-01,Johns,WOWOt6ep,JamJohns68
1992-04-24,Doctoral Degree,larry34@aguilar-miller.com,Katie,2019-08-01,Wilson,eLm4gzfv,KatWilson13
2000-07-22,Master's Degree,maureen33@gordon-smith.com,Miguel,2019-08-01,Crawford,UamSrjAi,MigCrawford16
1976-10-14,High School Degree,rhansen@diaz.biz,Matthew,2019-08-01,Jones,zMBM67aL,MatJones53
1975-07-20,Some High School,steven45@henderson.org,Michele,2019-08-01,Byrd,nBLQSl5W,MicByrd0
2013-02-14,Bachelor's Degree,colemanpaul@hester.info,Jason,2019-08-01,Rivera,VuK5jZd7,JasRivera5
1980-05-01,Master's Degree,glen52@yahoo.com,Jeffrey,2019-08-01,Thompson,DWwlsChx,JefThompson88
1999-09-22,Doctoral Degree,veronicaharris@brock-johnson.com,Denise,2019-08-01,Howell,23SlDWyQ,DenHowell7
1999-10-12,Undergraduate Degree,garciacynthia@moran-drake.com,Kristina,2019-08-01,Smith,sJD3a9i6,KriSmith56
1996-02-19,Bachelor's Degree,juliewallace@yahoo.com,Katherine,2019-08-01,Mullen,kPdwhbWk,KatMullen94
1992-12-10,High School Degree,hamiltonbrooke@burke.com,Erica,2019-08-01,Rhodes,ApgfbP1i,EriRhodes89
2018-11-30,Master's Degree,robert84@gmail.com,Elizabeth,2019-08-01,Kelley,iAts1y0K,EliKelley40
2002-04-14,Master's Degree,qmorris@yahoo.com,Kyle,2019-08-01,Ramirez,v3Tltonu,KylRamirez9
1998-07-23,Undergraduate Degree,bradleyclark@ibarra-baker.org,Dawn,2019-08-01,Foster,VlxKLZIf,DawFoster55
2012-04-09,Bachelor's Degree,terri64@yahoo.com,Brenda,2019-08-01,Riley,Fm4ILq4f,BreRiley21
2008-05-14,Undergraduate Degree,karen60@benitez.com,Gene,2019-08-01,Green,xIH8wAX9,GenGreen40
1986-10-05,Some High School,ashley88@yahoo.com,Kathleen,2019-08-01,Sanchez,B4ku7uJp,KatSanchez88
1977-07-04,Bachelor's Degree,kelly11@thompson.info,Richard,2019-08-01,Brown,ZFTK4vLZ,RicBrown79
1970-09-10,High School Degree,jennifer37@hotmail.com,Jason,2019-08-01,Nixon,JlXEm9Y0,JasNixon45
2002-08-28,Undergraduate Degree,edwinreid@yahoo.com,Elizabeth,2019-08-01,Bridges,li0CjCUI,EliBridges84
2005-12-28,Bachelor's Degree,kimberly63@yahoo.com,Brent,2019-08-01,Smith,OhQmuMcD,BreSmith4
2010-06-24,Undergraduate Degree,scottdouglas@gmail.com,Todd,2019-08-01,Henry,Qt69RKVX,TodHenry29
1970-06-13,Master's Degree,lburns@watson.com,Laurie,2019-08-01,Pope,K5cAhYSq,LauPope54
1997-06-05,Master's Degree,tbenjamin@ford.com,Jason,2019-08-01,Cummings,nBlT2cqF,JasCummings7
1989-06-10,High School Degree,jermainebeard@yahoo.com,Chelsea,2019-08-01,Gross,688nAG1M,CheGross62
2004-10-12,Some High School,joshuaramirez@rodriguez.com,Brandon,2019-08-01,Meyer,r0fTHIPa,BraMeyer47
1990-08-19,Master's Degree,cevans@roberson-mccarty.com,Marcus,2019-08-01,Heath,vasTvmrm,MarHeath57
1982-09-22,Doctoral Degree,csingleton@hardy-barton.com,Jeremiah,2019-08-01,Morales,FBefhaMD,JerMorales17
2003-10-14,Some High School,vparsons@gmail.com,Mary,2019-08-01,Collins,PuZ6aDYj,MarCollins56
1985-10-02,Some High School,youngchristopher@gmail.com,Jeffrey,2019-08-01,Ruiz,fLAtJzMo,JefRuiz21
1978-06-01,Master's Degree,coxandrew@young.com,Dr.,2019-08-01,Maria,Qooa1sdK,Dr.Maria83
2002-05-01,Doctoral Degree,ralph12@yahoo.com,Brandy,2019-08-01,Durham,WnRjpeQv,BraDurham36
1991-12-21,Master's Degree,jonestaylor@yahoo.com,Michele,2019-08-01,Holder,WN8bgn9R,MicHolder42
1998-11-14,Bachelor's Degree,baileyray@gmail.com,Peggy,2019-08-01,Cameron,7vnjVemp,PegCameron91
2006-09-22,High School Degree,robertclark@hotmail.com,Tabitha,2019-08-01,Riggs,JwDxm3Co,TabRiggs77
1990-03-11,Undergraduate Degree,nicholasferguson@gmail.com,Victoria,2019-08-01,Dennis,rNI7Vg5z,VicDennis86
1996-04-24,Master's Degree,hspence@lowe.com,Jo,2019-08-01,Harding,FhPxZV0q,JoHarding62
1981-02-02,High School Degree,bwashington@gmail.com,Michael,2019-08-01,Morrison,1DuvPjGP,MicMorrison62
1978-05-06,Master's Degree,williamsleslie@yahoo.com,Edward,2019-08-01,Butler,zsqVJnKG,EdwButler81
2014-12-24,Some High School,mfletcher@smith.org,Colleen,2019-08-01,Richard,L75ot9zQ,ColRichard4
1973-01-23,Some High School,louis56@moore.net,Jeremiah,2019-08-01,Nelson,YXJLoMIg,JerNelson78
2003-05-19,Master's Degree,petersondavid@ortiz-shields.com,Tracey,2019-08-01,Mata,9Abas9Zt,TraMata39
1989-05-06,Undergraduate Degree,olee@gmail.com,Jason,2019-08-01,Bush,kyLRfpp4,JasBush74
1981-05-16,Some High School,manderson@friedman.com,Dr.,2019-08-01,Bryan,BmvT69Dc,Dr.Bryan21
1971-08-04,Some High School,tami67@mcdonald.com,Stephanie,2019-08-01,Gonzalez,n74tNeIU,SteGonzalez25
1985-08-08,Master's Degree,kristine92@gmail.com,Jennifer,2019-08-01,Carr,52mAml3k,JenCarr74
1985-11-30,High School Degree,kimjohn@yahoo.com,Amanda,2019-08-01,Jackson,BmZWy4Me,AmaJackson7
2011-09-24,Master's Degree,robinsonvincent@wagner.com,Michael,2019-08-01,Soto,oTEGwK7V,MicSoto50
1970-11-04,Doctoral Degree,zacharymoore@mcclure-lester.org,Nicholas,2019-08-01,Williamson,04d0fsQY,NicWilliamson96
2003-10-21,Doctoral Degree,frobertson@shelton-miller.org,Karen,2019-08-01,Cain,xBZwAjdB,KarCain52
1988-05-28,Undergraduate Degree,anthonyortega@hotmail.com,Christian,2019-08-01,Bowers,vgBqxBi1,ChrBowers33
1986-11-04,Undergraduate Degree,kristinjones@wright-jensen.com,Erin,2019-08-01,Black,imVjK2K8,EriBlack95
2008-01-24,Doctoral Degree,jilliancardenas@gmail.com,Jessica,2019-08-01,Smith,nGXuwZRp,JesSmith59
1993-07-01,Doctoral Degree,vincent30@williamson.com,Joshua,2019-08-01,Crawford,qUXWY1D1,JosCrawford58
1999-04-26,Doctoral Degree,harmonshaun@yahoo.com,Allison,2019-08-01,Hernandez,5VL7j633,AllHernandez68
2005-02-17,Some High School,jmarsh@yahoo.com,Dale,2019-08-01,Martin,O7PBU3Pr,DalMartin43
1974-06-28,Some High School,barnescasey@yahoo.com,Jessica,2019-08-01,Webb,DBdAJ1v1,JesWebb7
2019-03-01,Some High School,eholder@wiley.com,Kyle,2019-08-01,Sims,ezuNcsew,KylSims55
1986-05-26,Doctoral Degree,gnorman@schultz.com,Tina,2019-08-01,Mcintosh,PIqaQlIg,TinMcintosh20
1995-12-20,Bachelor's Degree,vsnyder@adams.com,Ashley,2019-08-01,Shaw,SlaldYzr,AshShaw75
1995-10-02,Bachelor's Degree,angelacrane@patrick.com,Nicholas,2019-08-01,Brown,sNQfH1rh,NicBrown46
2008-02-20,Doctoral Degree,simpsoncynthia@rodriguez.com,Jeff,2019-08-01,May,GVSX9fc9,JefMay41
1976-12-17,Bachelor's Degree,qwilson@cook.info,Denise,2019-08-01,Taylor,mnC1sd7c,DenTaylor84
1984-12-31,High School Degree,davismichael@sullivan.net,Tamara,2019-08-01,Colon,bNAcqViw,TamColon47
1992-11-18,Doctoral Degree,christiehayes@lynch-martinez.com,Valerie,2019-08-01,Harrison,G57If4OJ,ValHarrison87
2000-03-30,Doctoral Degree,robertsonsonia@gmail.com,Melissa,2019-08-01,Allen,lWtVi7Vn,MelAllen83
1984-09-02,Bachelor's Degree,jacob56@butler.biz,Pamela,2019-08-01,Austin,JmAj6CXR,PamAustin78
2002-02-19,High School Degree,kentrobert@harris-woods.com,Kenneth,2019-08-01,Nelson,VnRnwzIt,KenNelson11
2002-10-23,Bachelor's Degree,mia10@gmail.com,Denise,2019-08-01,Bradley,0fvEzLKE,DenBradley15
1973-09-22,Some High School,rachel12@gmail.com,Jason,2019-08-01,Lane,ITBNwU4I,JasLane68
2011-01-09,Doctoral Degree,susan21@hotmail.com,Joshua,2019-08-01,Williams,GITg9M2r,JosWilliams7
1976-06-14,Master's Degree,rogerroberts@hicks-thornton.net,Anthony,2019-08-01,Rose,zvsvLkuy,AntRose82
1999-02-08,Bachelor's Degree,johnandrade@yahoo.com,Steven,2019-08-01,Davis,qwa4Jpmt,SteDavis41
2005-12-20,High School Degree,andrea82@hamilton.com,Jay,2019-08-01,Buck,CMVkdBCH,JayBuck24
2004-10-28,High School Degree,goodwinrobin@martinez.net,Isaac,2019-08-01,Guerrero,CBC74cIb,IsaGuerrero62
1973-07-04,Bachelor's Degree,michaelbradshaw@wells.com,Paul,2019-08-01,Pruitt,kHd7HQew,PauPruitt64
1991-04-09,Bachelor's Degree,justinbarton@murphy.com,Mindy,2019-08-01,Arellano,8ePJktrb,MinArellano78
1973-04-14,Bachelor's Degree,kimberly88@hotmail.com,Heather,2019-08-01,Thompson,xkdh4vrv,HeaThompson4
2014-11-12,High School Degree,xvaldez@gmail.com,Steven,2019-08-01,Nguyen,uVbSPSCi,SteNguyen90
1985-05-09,Doctoral Degree,robinsonpaula@snow.biz,Kurt,2019-08-01,Lambert,HJlblouK,KurLambert8
1997-07-22,Some High School,heather98@hotmail.com,Deborah,2019-08-01,Nicholson,EKnRXRvf,DebNicholson62
